FSREQLAT, 5796, 	"search(root/fxtlip, gurr)"
FSREQLAT, 319, 	"access(root/uukznp, 211)"
FSREQLAT, 442, 	"open(root/uukznp,154)"
FSREQLAT, 114, 	"readdir(root/fxtlip)"
FSREQLAT, 2200, 	"search(root/fxtlip, oak)"
FSREQLAT, 2041, 	"search(root/fxtlip, uukznp)"
FSREQLAT, 81, 	"readdir(root/fxtlip)"
FSREQLAT, 2226, 	"search(root/fxtlip, jqvafybqt)"
FSREQLAT, 2023, 	"search(root/fxtlip, uukznp)"
FSREQLAT, 1992, 	"search(root/fxtlip, zzphm)"
FSREQLAT, 98, 	"readdir(root/fxtlip)"
FSREQLAT, 2143, 	"search(root/fxtlip, reouk)"
FSREQLAT, 1045, 	"mkdir(wzkkfsbxvvc, root/fxtlip, 161)"
FSREQLAT, 2317, 	"search(root/fxtlip, uukznp)"
FSREQLAT, 1240, 	"open(root/reouk,165)"
FSREQLAT, 103, 	"readdir(root/fxtlip)"
FSREQLAT, 1335, 	"open(root/uukznp,42)"
FSREQLAT, 2669, 	"search(root/fxtlip, reouk)"
FSREQLAT, 1008, 	"mkdir(klvl, root/fxtlip, 210)"
FSREQLAT, 1523, 	"open(root/uukznp,231)"
FSREQLAT, 5, 	"access(root/reouk, 215)"
FSREQLAT, 4, 	"delete(root/uukznp)"
FSREQLAT, 5, 	"rmdir(root/fxtlip)"
FSREQLAT, 3, 	"open(root/reouk,185)"
FSREQLAT, 3, 	"access(root/reouk, 62)"
FSREQLAT, 3, 	"readdir(root/fxtlip)"
FSREQLAT, 3, 	"mkdir(asn, root/fxtlip, 154)"
FSREQLAT, 4, 	"mkdir(xaunnij, root/fxtlip, 162)"
FSREQLAT, 2, 	"search(root/fxtlip, riealoxbxbb)"
FSREQLAT, 3, 	"readdir(root/fxtlip)"
FSREQLAT, 3, 	"search(root/fxtlip, dujpiso)"
FSREQLAT, 2, 	"open(root/reouk,217)"
FSREQLAT, 3, 	"delete(root/reouk)"
FSREQLAT, 4, 	"search(root/fxtlip, reouk)"
FSREQLAT, 2, 	"open(root/reouk,68)"
FSREQLAT, 3, 	"search(root/fxtlip, labe)"
FSREQLAT, 3, 	"readdir(root/fxtlip)"
FSREQLAT, 3, 	"access(root/reouk, 90)"
FSREQLAT, 3, 	"access(root/uukznp, 144)"
FSREQLAT, 3, 	"readdir(root/fxtlip)"
FSREQLAT, 3, 	"search(root/fxtlip, cffdnazkul)"
FSREQLAT, 3, 	"open(root/uukznp,197)"
FSREQLAT, 2, 	"search(root/fxtlip, ilpczegyut)"
FSREQLAT, 3, 	"search(root/fxtlip, reouk)"
FSREQLAT, 3, 	"mkdir(fptahndlc, root/fxtlip, 185)"
FSREQLAT, 4, 	"search(root/fxtlip, slsx)"
FSREQLAT, 5, 	"readdir(root/fxtlip)"
FSREQLAT, 4, 	"search(root/fxtlip, ztudmt)"
FSREQLAT, 4, 	"search(root/fxtlip, uukznp)"
FSREQLAT, 3, 	"open(root/reouk,10)"
FSREQLAT, 4, 	"mkdir(qvgy, root/fxtlip, 120)"
FSREQLAT, 7, 	"search(root/fxtlip, uukznp)"
FSREQLAT, 3, 	"open(root/uukznp,107)"
FSREQLAT, 2, 	"search(root/fxtlip, reouk)"
FSREQLAT, 3, 	"search(root/fxtlip, qpvbhh)"
FSREQLAT, 3, 	"search(root/fxtlip, uukznp)"
FSREQLAT, 4, 	"readdir(root/fxtlip)"
FSREQLAT, 2, 	"open(root/reouk,151)"
FSREQLAT, 2, 	"mkdir(iurosw, root/fxtlip, 41)"
FSREQLAT, 2, 	"access(root/reouk, 79)"
FSREQLAT, 2, 	"access(root/uukznp, 45)"
FSREQLAT, 2, 	"access(root/uukznp, 233)"
FSREQLAT, 3, 	"readdir(root/fxtlip)"
FSREQLAT, 3, 	"readdir(root/fxtlip)"
FSREQLAT, 3, 	"readdir(root/fxtlip)"
FSREQLAT, 5, 	"search(root/fxtlip, reouk)"
FSREQLAT, 3, 	"search(root/fxtlip, iir)"
FSREQLAT, 3, 	"open(root/reouk,159)"
FSREQLAT, 2, 	"readdir(root/fxtlip)"
FSREQLAT, 2, 	"search(root/fxtlip, l)"
FSREQLAT, 3, 	"mkdir(md, root/fxtlip, 248)"
FSREQLAT, 2, 	"search(root/fxtlip, wuglqllggs)"
FSREQLAT, 2, 	"mkdir(pbedhncpr, root/fxtlip, 237)"
FSREQLAT, 3, 	"rmdir(root/fxtlip)"
FSREQLAT, 3, 	"readdir(root/fxtlip)"
FSREQLAT, 3, 	"mkdir(lpovjd, root/fxtlip, 9)"
FSREQLAT, 2, 	"search(root/fxtlip, ailojgxfzrz)"
FSREQLAT, 3, 	"search(root/fxtlip, z)"
FSREQLAT, 2, 	"search(root/fxtlip, uukznp)"
FSREQLAT, 2, 	"search(root/fxtlip, fnmsbu)"
FSREQLAT, 2, 	"access(root/reouk, 140)"
FSREQLAT, 2, 	"mkdir(hfqrmgbb, root/fxtlip, 185)"
FSREQLAT, 2, 	"rmdir(root/fxtlip)"
FSREQLAT, 3, 	"search(root/fxtlip, uukznp)"
FSREQLAT, 3, 	"readdir(root/fxtlip)"
FSREQLAT, 2, 	"open(root/reouk,154)"
FSREQLAT, 3, 	"mkdir(iaz, root/fxtlip, 28)"
FSREQLAT, 2, 	"rmdir(root/fxtlip)"
FSREQLAT, 2, 	"access(root/reouk, 32)"
FSREQLAT, 1, 	"search(root/fxtlip, fllttttj)"
FSREQLAT, 2, 	"readdir(root/fxtlip)"
FSREQLAT, 2, 	"access(root/reouk, 251)"
FSREQLAT, 2, 	"open(root/uukznp,54)"
FSREQLAT, 2, 	"readdir(root/fxtlip)"
FSREQLAT, 3, 	"open(root/reouk,147)"
FSREQLAT, 2, 	"readdir(root/fxtlip)"
FSREQLAT, 2, 	"search(root/fxtlip, reouk)"
FSREQLAT, 3, 	"search(root/fxtlip, iebljk)"
FSREQLAT, 2, 	"mkdir(jm, root/fxtlip, 124)"
